[
  {
    "id": 1,
    "priority": 1,
    "action": { "type": "block" },
    "condition": {
      "urlFilter": "*youtube.com/embed/*",
      "resourceTypes": ["sub_frame", "media"],
      "domains": ["docs.google.com"]
    }
  },
  {
    "id": 2,
    "priority": 1,
    "action": { "type": "block" },
    "condition": {
      "urlFilter": "*youtu.be/*",
      "resourceTypes": ["sub_frame", "media"],
      "domains": ["docs.google.com"]
    }
  },
  {
    "id": 3,
    "priority": 1,
    "action": { "type": "block" },
    "condition": {
      "urlFilter": "*youtube-nocookie.com/*",
      "resourceTypes": ["sub_frame", "media"],
      "domains": ["docs.google.com"]
    }
  },
  {
    "id": 4,
    "priority": 1,
    "action": { "type": "block" },
    "condition": {
      "urlFilter": "*youtubeeducation.com/*",
      "resourceTypes": ["sub_frame", "media"],
      "domains": ["docs.google.com"]
    }
  }
]
